rider_id,timestamp,latitude,longitude,speed_kph,power_w,elevation_m,gradient
142,2026-06-01T12:31:42Z,40.000000,-74.000000,47.8,238,22,0
138,2026-06-01T12:31:42Z,40.000090,-74.000000,47.7,330,22,0
142,2026-06-01T12:31:47Z,40.000500,-74.000000,47.9,240,22,0
138,2026-06-01T12:31:47Z,40.000590,-74.000000,47.8,332,22,0
142,2026-06-01T12:31:52Z,40.001000,-74.000000,48.0,236,22,0
138,2026-06-01T12:31:52Z,40.001090,-74.000000,47.9,329,22,0
142,2026-06-01T12:31:57Z,40.001500,-74.000000,47.7,239,22,0
138,2026-06-01T12:31:57Z,40.001590,-74.000000,47.8,331,22,0
142,2026-06-01T12:32:02Z,40.002000,-74.000000,47.9,237,22,0
138,2026-06-01T12:32:02Z,40.002090,-74.000000,47.8,330,22,0
142,2026-06-01T12:32:07Z,40.002500,-74.000000,47.8,238,22,0
138,2026-06-01T12:32:07Z,40.002590,-74.000000,47.8,330,22,0

